BUILDING TYPE,total_kwh,total_therms
Commercial,6.636967741E9,3.69781525E8
Residential,4.131385178E9,6.92762166E8
Industrial,7301915.0,272905.0
